https://venturebrothers.fandom.com/wiki/Hank_Venture,"Hank Venture",hank-venture.png
https://venturebrothers.fandom.com/wiki/Dean_Venture,"Dean Venture",dean-venture.png
https://venturebrothers.fandom.com/wiki/Dr._Venture,"Dr. Venture",dr-venture.png
https://venturebrothers.fandom.com/wiki/Brock_Samson,"Brock Samson",brock-samson.png
https://venturebrothers.fandom.com/wiki/H.E.L.P.eR.,H.E.L.P.eR.,helper.png
https://venturebrothers.fandom.com/wiki/Sergeant_Hatred,"Sergeant Hatred",sergeant-hatred.png
https://venturebrothers.fandom.com/wiki/Jonas_Venture_Jr.,"Jonas Venture Jr.",jonas-venture-jr.png
https://venturebrothers.fandom.com/wiki/Triana_Orpheus,"Triana Orpheus",triana-orpheus.png
https://venturebrothers.fandom.com/wiki/Pete_White,"Pete White",pete-white.png
https://venturebrothers.fandom.com/wiki/Billy_Quizboy,"Billy Quizboy",billy-quizboy.png
https://venturebrothers.fandom.com/wiki/The_Pirate_Captain,"The Pirate Captain",the-pirate-captain.png
https://venturebrothers.fandom.com/wiki/Dr._Orpheus,"Dr. Orpheus",dr-orpheus.png
https://venturebrothers.fandom.com/wiki/Jefferson_Twilight,"Jefferson Twilight",jefferson-twilight.png
https://venturebrothers.fandom.com/wiki/The_Alchemist,"The Alchemist",the-alchemist.png
https://venturebrothers.fandom.com/wiki/Jonas_Venture_Sr.,"Jonas Venture Sr.",jonas-venture-sr.png
https://venturebrothers.fandom.com/wiki/The_Action_Man,"The Action Man",the-action-man.png
https://venturebrothers.fandom.com/wiki/Colonel_Gentleman,"Colonel Gentleman",colonel-gentleman.png
https://venturebrothers.fandom.com/wiki/Kano,Kano,kano.png
https://venturebrothers.fandom.com/wiki/Otto_Aquarius,"Otto Aquarius",otto-aquarius.png
https://venturebrothers.fandom.com/wiki/Paul_Entmann,"Paul Entmann",paul-entmann.png
https://venturebrothers.fandom.com/wiki/The_Monarch,"The Monarch",the-monarch.png
https://venturebrothers.fandom.com/wiki/Henchman_21,"Henchman 21",henchman-21.png
https://venturebrothers.fandom.com/wiki/Henchman_24,"Henchman 24",henchman-24.png
https://venturebrothers.fandom.com/wiki/Dr._Girlfriend,"Dr. Girlfriend",dr-girlfriend.png
https://venturebrothers.fandom.com/wiki/Tim-Tom,Tim-Tom,tim-tom.png
https://venturebrothers.fandom.com/wiki/Baron_%C3%9Cnderbheit,"Baron Ünderbheit",baron-underbheit.png
https://venturebrothers.fandom.com/wiki/Phantom_Limb,"Phantom Limb",phantom-limb.png
https://venturebrothers.fandom.com/wiki/Hunter_Gathers,"Hunter Gathers",hunter-gathers.png
https://venturebrothers.fandom.com/wiki/Shore_Leave,"Shore Leave",shore-leave.png
https://venturebrothers.fandom.com/wiki/Bud_Manstrong,"Bud Manstrong",bud-manstrong.png
https://venturebrothers.fandom.com/wiki/Watch,Watch,watch.png
https://venturebrothers.fandom.com/wiki/Ward,Ward,ward.png
https://venturebrothers.fandom.com/wiki/The_Master,"The Master",the-master.png
https://venturebrothers.fandom.com/wiki/Myra_Brandish,"Myra Brandish",myra-brandish.png
https://venturebrothers.fandom.com/wiki/General_Manhowers,"General Manhowers",general-manhowers.png
https://venturebrothers.fandom.com/wiki/Dr._Henry_Killinger,"Dr. Henry Killinger",dr-henry-killinger.png
https://venturebrothers.fandom.com/wiki/Dermott_Fictel,"Dermott Fictel",dermott-fictel.png
https://venturebrothers.fandom.com/wiki/Kiki,Kiki,kiki.png
https://venturebrothers.fandom.com/wiki/Professor_Impossible,"Professor Impossible",professor-impossible.png
https://venturebrothers.fandom.com/wiki/Sally_Impossible,"Sally Impossible",sally-impossible.png
https://venturebrothers.fandom.com/wiki/Rocket_Impossible,"Rocket Impossible",rocket-impossible.png
https://venturebrothers.fandom.com/wiki/Ned,Ned,ned.png
https://venturebrothers.fandom.com/wiki/Cody,Cody,cody.png
https://venturebrothers.fandom.com/wiki/Girl_Hitler,"Girl Hitler",girl-hitler.png
https://venturebrothers.fandom.com/wiki/Catclops,Catclops,catclops.png
https://venturebrothers.fandom.com/wiki/Manic_8-Ball,"Manic 8-Ball",manic-8-ball.png
https://venturebrothers.fandom.com/wiki/King_Gorilla,"King Gorilla",king-gorilla.png
https://venturebrothers.fandom.com/wiki/Mr._Monday,"Mr. Monday",mr-monday.png
https://venturebrothers.fandom.com/wiki/Tigeriffic,Tigeriffic,tigeriffic.png
https://venturebrothers.fandom.com/wiki/White_Noise,"White Noise",white-noise.png
https://venturebrothers.fandom.com/wiki/Dr_Septapus,"Dr Septapus",dr-septapus.png
https://venturebrothers.fandom.com/wiki/Tiny_Joseph,"Tiny Joseph",tiny-joseph.png
https://venturebrothers.fandom.com/wiki/Action_Johnny,"Action Johnny",action-johnny.png
https://venturebrothers.fandom.com/wiki/Race_Bannon,"Race Bannon",race-bannon.png
https://venturebrothers.fandom.com/wiki/Dr._Zin,"Dr. Zin",dr-zin.png
https://venturebrothers.fandom.com/wiki/Herr_Trigger,"Herr Trigger",herr-trigger.png
https://venturebrothers.fandom.com/wiki/Go-Fish,Go-Fish,go-fish.png
https://venturebrothers.fandom.com/wiki/Le_Tueur,"Le Tueur",le-tueur.png
https://venturebrothers.fandom.com/wiki/Ibis_Priest,"Ibis Priest",ibis-priest.png
https://venturebrothers.fandom.com/wiki/Redusa,Redusa,redusa.png
https://venturebrothers.fandom.com/wiki/Adolf_Hitler,"Adolf Hitler",adolf-hitler.png
https://venturebrothers.fandom.com/wiki/Curse,Curse,curse.png
https://venturebrothers.fandom.com/wiki/Flying_Squid,"Flying Squid",flying-squid.png
https://venturebrothers.fandom.com/wiki/Fritz,Fritz,fritz.png
https://venturebrothers.fandom.com/wiki/Galacticon,Galacticon,galacticon.png
https://venturebrothers.fandom.com/wiki/Half-Jackal,Half-Jackal,half-jackal.png
https://venturebrothers.fandom.com/wiki/Joseph_and_his_Amazing_Technicolor_Nightmare_Coat,"Joseph and his Amazing Technicolor Nightmare Coat",joseph-and-his-amazing-technicolor-nightmare-coat.png
https://venturebrothers.fandom.com/wiki/Mandalay,Mandalay,mandalay.png
https://venturebrothers.fandom.com/wiki/Mugger_1_and_Mugger_2,"Mugger 1 and Mugger 2",mugger-1-and-mugger-2.png
https://venturebrothers.fandom.com/wiki/Omega-Ape,Omega-Ape,omega-ape.png
https://venturebrothers.fandom.com/wiki/Raven,Raven,raven.png
https://venturebrothers.fandom.com/wiki/Sri_Lankan_Devil_Bird,"Sri Lankan Devil Bird",sri-lankan-devil-bird.png
https://venturebrothers.fandom.com/wiki/Truckulese,Truckulese,truckulese.png
https://venturebrothers.fandom.com/wiki/Lincoln%27s_Ghost,"Lincoln's Ghost",lincolns-ghost.png
https://venturebrothers.fandom.com/wiki/Mr._Cardholder,"Mr. Cardholder",mr-cardholder.png
https://venturebrothers.fandom.com/wiki/Manotaur,Manotaur,manotaur.png
https://venturebrothers.fandom.com/wiki/Steve_(Ghost_Pirate),"Steve (Ghost Pirate)",steve-ghost-pirate.png
https://venturebrothers.fandom.com/wiki/Dr._Vulcano,"Dr. Vulcano",dr-vulcano.png
https://venturebrothers.fandom.com/wiki/Major_Tom,"Major Tom",major-tom.png
https://venturebrothers.fandom.com/wiki/Jeanie,Jeanie,jeanie.png
https://venturebrothers.fandom.com/wiki/Helicoptro,Helicoptro,helicoptro.png
https://venturebrothers.fandom.com/wiki/Hector_Molina,"Hector Molina",hector-molina.png
https://venturebrothers.fandom.com/wiki/Swifty,Swifty,swifty.png
https://venturebrothers.fandom.com/wiki/Purple_Rose,"Purple Rose",purple-rose.png
https://venturebrothers.fandom.com/wiki/Warsaw_Gecko,"Warsaw Gecko",warsaw-gecko.png
https://venturebrothers.fandom.com/wiki/Ted_(OCLF_Leader),"Ted (OCLF Leader)",ted-oclf-leader.png
https://venturebrothers.fandom.com/wiki/Debbie,Debbie,debbie.png
https://venturebrothers.fandom.com/wiki/Li-Li,Li-Li,li-li.png
https://venturebrothers.fandom.com/wiki/Iggy_Pop,"Iggy Pop",iggy-pop.png
https://venturebrothers.fandom.com/wiki/Klaus_Nomi,"Klaus Nomi",klaus-nomi.png
https://venturebrothers.fandom.com/wiki/Scorpio,Scorpio,scorpio.png
https://venturebrothers.fandom.com/wiki/Mummy_Mum_Muggy,"Mummy Mum Muggy",mummy-mum-muggy.png
https://venturebrothers.fandom.com/wiki/The_Perfect_Man,"The Perfect Man",the-perfect-man.png
https://venturebrothers.fandom.com/wiki/Curse,Curse,curse.png
https://venturebrothers.fandom.com/wiki/Edgar_Allan_Poe,"Edgar Allan Poe",edgar-allan-poe.png
https://venturebrothers.fandom.com/wiki/Sigmund_Freud,"Sigmund Freud",sigmund-freud.png
https://venturebrothers.fandom.com/wiki/Caligula,Caligula,caligula.png
https://venturebrothers.fandom.com/wiki/Turnbuckle,Turnbuckle,turnbuckle.png
https://venturebrothers.fandom.com/wiki/Dr._Heinie,"Dr. Heinie",dr-heinie.png
https://venturebrothers.fandom.com/wiki/Brown_Thrasher,"Brown Thrasher",brown-thrasher.png
https://venturebrothers.fandom.com/wiki/Dr._Schumpmaker,"Dr. Schumpmaker",dr-schumpmaker.png
https://venturebrothers.fandom.com/wiki/Alien_Villain,"Alien Villain",alien-villain.png
https://venturebrothers.fandom.com/wiki/Hammerhead_Abomination,"Hammerhead Abomination",hammerhead-abomination.png
https://venturebrothers.fandom.com/wiki/Mentalist_Villain_With_Purple_Cape,"Mentalist Villain With Purple Cape",mentalist-villain-with-purple-cape.png
https://venturebrothers.fandom.com/wiki/Augustus_St._Cloud,"Augustus St. Cloud",augustus-st-cloud.png
